1	ác liệt 	惡劣	A	no	_	_
2	âm mưu	陰謀	V2,N	yes	いんぼう	名
3	âm nhạc	音樂	N	yes	おんがく	名
4	an toàn	安全	N,A	yes	あんぜん	名,形動
5	anh dũng	英勇	A	no	_	_
6	anh hùng	英雄	N,A	yes	えいゆう	名
7	ảnh hưởng	影響	V1,N	yes	えいきょう	自動,名
8	áp bức	壓逼	V3	no	_	_
9	áp dụng	壓用	V3	no	_	_
10	bác ái	博愛	A	yes	はくあい	名
11	bác sĩ	博士	N	yes	はかせ	名
12	bãi công	罷工		yes	ひこう	名
13	bản chất	本質	N	yes	ほんしつ	名
14	bán đảo	半島	N	yes	はんとう	名
15	bản thân	本身	N	no	_	_
16	bản xứ	本處	N	no	_	_
17	bảo đảm	保擔	V2,N,A	no	_	_
18	bạo động	暴動	N	yes	ぼうどう	名
19	bạo lực	暴力	N	yes	ぼうりょく	名
20	bảo tàng	寶藏	N	yes	ほうぞう	名
21	bảo thủ	保守	A	yes	ほしゅ	他動,名
22	bảo tồn	保存	V3	yes	ほぞん	他動,名
23	bảo vệ	保衛	V3,N	yes	ほえい	他動,名
24	bất diệt	不滅	A	yes	ふめつ	名,形動
25	bất khuất	不屈	A	yes	ふくつ	名,形動
26	bí mật	祕密	N,A	yes	ひみつ	名,形動
27	bi quan	悲觀	A	yes	ひかん	自他動,名
28	bí thư	祕書	N	yes	ひしょ	名
29	biến hoá	變化		yes	へんか	自動,名
30	biện pháp	辦法	N	no	_	_
31	biểu diễn	表演	V2	no	_	_
32	biểu hiện	表現	N	yes	ひょうげん	他動,名
33	biểu tình	表情		yes	ひょうじょう	名
34	bình dân	平民	N,A	yes	へいみん	名
35	bình đẳng	平等	A	yes	びょうどう	名,形動
36	bình dị	平易	A	yes	へいい	名,形動
37	bình định	平定	V2	yes	へいてい	他動,名
38	bình tĩnh	平靜	A	yes	へいせい	名,形動
39	bộ binh	步兵	N	yes	ほへい	名
40	bộ đội	部隊	N	yes	ぶたい	名
41	bộ phận	部分	N	yes	ぶぶん	名
42	bộ trưởng	部長	N	yes	ぶちょう	名
43	bồi dưỡng	培養	V3	yes	ばいよう	他動,名
44	bưu chính	郵政	N	yes	ゆうせい	名
45	bưu điện	郵電	N	no	_	_
46	cá nhân	個人	N,A	yes	こじん	名
47	cách mạng	革命	N,A	yes	かくめい	名
48	cải tạo	改造	V3	yes	かいぞう	他動,名
49	cải thiện	改善	V3	yes	かいぜん	他動,名
50	cấm chỉ	禁止	V2	yes	きんし	他動,名
51	cầm đầu	擒頭		no	_	_
52	cảm động	感動	A	yes	かんどう	自動,名
53	cảm giác	感覺	N	yes	かんかく	名
54	cảm ơn	感恩	V1	yes	かんおん	自動,名
55	cầm quyền	擒權		no	_	_
56	cán bộ	幹部	N	yes	かんぶ	名
57	căn cứ	根據	N	yes	こんきょ	名
58	cần cù	勤劬	A	no	_	_
59	cân đối	斤對	V2,A	no	_	_
60	cần kiệm	勤儉	A	yes	きんけん	名
61	cẩn thận	謹慎	A	yes	きんしん	自動,名
62	can thiệp	干涉	V2	yes	かんしょう	自動,名
63	cảnh sát	警察	N	yes	けいさつ	名
64	cấp bách	急迫	A	yes	きゅうはく	自動,名
65	cấu tạo	構造	V1,N	yes	こうぞう	名
66	chân thật	真實	A	yes	しんじつ	名,形動
67	chấp hành	執行	V3	yes	しっこう	他動,名
68	chất lượng	質量	N	yes	しつりょう	名
69	chế độ	制度	N	yes	せいど	名
70	chi bộ	支部	N	yes	しぶ	名
71	chỉ đạo	指導	V2	yes	しどう	他動,名
72	chỉ huy	指揮	V3,N	yes	しき	他動,名
73	chi tiết	枝節	N,A	no	_	_
74	chi tiêu	支銷	V2	no	_	_
75	chiến công	戰功	N	yes	せんこう	名
76	chiến đấu	戰鬥		yes	せんとう	自動,名
77	chiến lược	戰略	N,A	yes	せんりゃく	名
78	chiến sĩ	戰士	N	yes	せんし	名
79	chiến thắng	戰勝	V1,N	yes	せんしょう	自動,名
80	chính phủ	政府	N	yes	せいふ	名
81	chính quyền	政權	N	yes	せいけん	名
82	chính sách	政策	N	yes	せいさく	名
83	chính trị	政治	N,A	yes	せいじ	名
84	chính xác	正確	A	yes	せいかく	名,形動
85	chu đáo	周到	A	yes	しゅうとう	形動
86	chủ động	主動		yes	しゅどう	自動,名
87	chủ nghĩa	主義	N	yes	しゅぎ	名
88	chủ nhật	主日	N	yes	しゅじつ	名
89	chủ nhiệm	主任	N	yes	しゅにん	名
90	chủ quan	主觀	N,A	yes	しゅかん	名
91	chủ quyền	主權	N	yes	しゅけん	名
92	chủ tịch	主席	N	yes	しゅせき	名
93	chú trọng	注重	V2	no	_	_
94	chủ trương	主張	V1,N	yes	しゅちょう	他動,名
95	chú ý	注意		yes	ちゅうい	自他動,名
96	chủ yếu	主要	A	yes	しゅよう	名,形動
97	chuẩn bị	準備	V2	yes	じゅんび	他動,名
98	chuyển biến	轉變		yes	てんべん	自動,名
99	chuyên môn	專門	N,A	yes	せんもん	名
100	chuyên nghiệp	專業	N,A	yes	せんぎょう	名
101	cơ bản	基本	A	yes	きほん	名
102	cơ cấu 	機構	N	yes	きこう	名
103	cơ giới	機械	N,A	yes	きかい	名
104	cơ hội	機会	N,A	yes	きかい	名
105	cơ khí	機器	N	yes	きき	名
106	cô lập	孤立	V3	yes	こりつ	自動,名
107	cơ quan	機關	N	yes	きかん	名
108	cơ sở	基礎	N	yes	きそ	名
109	công cụ	工具	N	yes	こうぐ	名
110	công đoàn	工團	N	no	_	_
111	cộng hoà	共和	N,A	yes	きょうわ	名
112	công khai	公開	A	yes	こうかい	他動,名
113	công lao	功勞	N	yes	こうろう	名
114	công lý	公理	N	yes	こうり	名
115	công nghiệp	工業	N	yes	こうぎょう	名
116	công nhân	工人	N	yes	こうじん	名
117	cộng sản	共產	N,A	yes	きょうさん	名
118	công tác	工作	V1,N	yes	こうさく	他動,名
119	công trình	工程	N	yes	こうてい	名
120	công trường	工場	N	yes	こうじょう	名
121	công ty	公司	N	yes	こうし	名
122	cụ thể	具體	A	yes	ぐたい	名
123	cực kỳ	極其	A	no	_	_
124	cung cấp	供給	V3	yes	きょうきゅう	他動,名
125	củng cố	鞏固	V3	yes	きょうこ	形動
126	cương lĩnh	綱領	N	yes	こうりょう	名
127	cường quyền	強權	N	yes	きょうけん	名
128	dã man	野蠻	A	yes	やばん	名,形動
129	đa số	多數	N	yes	たすう	名
130	đại biểu	代表	N	yes	だいひょう	他動,名
131	đại hội	大會	N	yes	たいかい	名
132	đại khái 	大概	A	yes	たいがい	_
133	danh dự	名譽	N	yes	めいよ	名,形動
134	đạo đức	道德	N	yes	どうとく	名
135	đạo lý	道理	N	yes	どうり	名
136	đầu hàng	投降	V1	yes	とうこう	自動,名
137	đấu tranh	鬥爭		yes	とうそう	自動,名
138	dĩ nhiên	已然	A	yes	いぜん	名
139	di sản	遺產	N	yes	いさん	名
140	di tích	遺跡	N	yes	いせき	名
141	di vật	遺物	N	yes	いぶつ	名
142	địa chủ	地主	N	yes	じぬし	名
143	địa phương	地方	N,A	yes	ちほう	名
144	địa vị	地位	N,A	yes	ちい	名
145	diễn giả	演者	N	yes	えんじゃ	名
146	diện tích	面積	N	yes	めんせき	名
147	điều kiện	條件	N	yes	じょうけん	名
148	điều tra	調查	V3	yes	ちょうさ	他動,名
149	đỉnh cao	頂高	N	no	_	_
150	đoàn kết	團結		yes	だんけつ	自動,名
151	đoàn thể	團體	N	yes	だんたい	名
152	độc lập	獨立	N,A	yes	どくりつ	自動,名
153	đối phó	對付	V2	no	_	_
154	đối xử	對處	V1	yes	たいしょ	自動,名
155	đồng bào	同胞	N	yes	どうほう	名
156	đồng chí	同志	N	yes	どうし	名
157	du kích	遊擊	N,A	yes	ゆうげき	自動,名
158	dự thảo	預討	V2,N	no	_	_
159	dũng cảm	勇敢	A	yes	ゆうかん	名,形動
160	duy vật	唯物	A	yes	ゆいぶつ	名
161	duyên hải	沿海	N	yes	えんかい	名
162	gia đình	家庭	N,A	yes	かてい	名
163	gia nhập	加入	V1	yes	かにゅう	自動,名
164	gia súc	家畜	N	yes	かちく	名
165	giai cấp	階級	N	yes	かいきゅう	名
166	giai đoạn	階段	N	yes	かいだん	名
167	giải phóng	解放	V3,N	yes	かいほう	他動,名
168	giải quyết	解決	V3	yes	かいけつ	自他動,名
169	giải thích	解釋	V3	yes	かいしゃく	他動,名
170	giải trí	解智		no	_	_
171	giám đốc	監督	N	yes	かんとく	名
172	gian khổ	艱苦	N,A	yes	かんく	名
173	giáo dục	教育	V2,N	yes	きょういく	他動,名
174	giáo sư	教師	N	yes	きょうし	名
175	giao thiệp	交涉	V1	yes	こうしょう	自他動,名
176	giao thông	交通	N	yes	こうつう	名
177	giáo viên	教員	N	yes	きょういん	名
178	hạ giá	下價	V2	no	_	_
179	hải cảng	海港	N	yes	かいこう	名
180	hải quân	海軍	N	yes	かいぐん	名
181	hạn chế	限制	V3	yes	げんせい	他動,名
182	hàng không	航空	N	yes	こうくう	名
183	hành chính	行政	A	yes	ぎょうせい	名
184	hành động	行動	N	yes	こうどう	自動,名
185	hạnh phúc	幸福	N,A	yes	こうふく	名,形動
186	hấp dẫn	吸引	V2,A	yes	きゅういん	他動,名
187	hậu phương	後方	N	yes	こうほう	名
188	hệ thống	系統	V1,N	yes	けいとう	名
189	hiện đại	現代	A	yes	げんだい	名
190	hiến pháp	憲法	N	yes	けんぽう	名
191	hiệp định	協定	N	yes	きょうてい	他動,名
192	hiệp lực	協力		yes	きょうりょく	自動,名
193	hiệu quả	効果	N	yes	こうか	名
194	hình thức	形式	N,A	yes	けいしき	名
195	hoà bình	和平	N,A	yes	わへい	名
196	hoà hoãn	和緩	V1	no	_	_
197	hoá học	化學	N	yes	かがく	名
198	hoài nghi	懷疑	V2,N	yes	かいぎ	自他動,名
199	hoan nghênh	歡迎	V3	yes	かんげい	他動,名
200	hoàn thành	完成	V3	yes	かんせい	自他動,名
201	hoạt bát	活潑	A	yes	かっぱつ	形動
202	học sinh	學生	N	yes	がくせい	名
203	học tập	學習	V1	yes	がくしゅう	他動,名
204	học thuyết	學說	N	yes	がくせつ	名
205	hội đồng	會同	N	yes	かいどう	自動,名
206	hối hận	悔恨	V1	yes	かいこん	名
207	hội nghị	會議	N	yes	かいぎ	自他動,名
208	hợp lý	合理	A	yes	ごうり	名
209	hợp pháp	合法	A	yes	ごうほう	名,形動
210	hợp tác	合作	V2,N	no	_	_
211	hư hại	虛害	A	no	_	_
212	hùng tráng	雄壯	A	no	_	_
213	hương vị	香味	N	yes	こうみ	名
214	hữu nghị	友誼	A	yes	ゆうぎ	名
215	huy hoàng	輝煌	A	no	_	_
216	hy sinh	犧牲	V2	yes	ぎせい	名
217	ích kỳ	益己	A	no	_	_
218	ích lợi	益利	N	no	_	_
219	kế hoạch	計畫	N	yes	けいかく	他動,名
220	kế tục	繼續	V3	yes	けいぞく	自他動,名
221	kết án	結案	V1	no	_	_
222	kết hợp	結合	V3	yes	けつごう	自他動,名
223	kết luận	結論	N	yes	けつろん	自動,名
224	kết nạp	結抐	V2	no	_	_
225	kết quả	結果	N	yes	けっか	名
226	khả năng	可能	N	yes	かのう	名,形動
227	khắc phục	克服	V3	yes	こくふく	他動,名
228	khách sạn	客棧	N	yes	きゃくさん	名
229	khai thác	開拓	V3	yes	かいたく	他動,名
230	khẩn trương	緊張	A	yes	きんちょう	自動,名
231	kháng chiến	抗戰		yes	こうせん	自動,名
232	khí phách	氣魄	N	yes	きはく	名
233	khí thế	氣勢	N	yes	きせい	名
234	khiêm tốn	謙遜	A	yes	けんそん	自他動,名,形動
235	khinh miệt	輕蔑	V2	yes	けいべつ	他動,名
236	khoa học	科學	N,A	yes	かがく	名
237	khối lượng	塊量	N	no	_	_
238	khởi nghĩa	起義	N	no	_	_
239	khôi phục	恢復	V3	yes	かいふく	自他動,名
240	khốn nạn	困難	A	yes	こんなん	名,形動
241	không quân	空軍	N	yes	くうぐん	名
242	kiểm thảo	檢討	V2,N	yes	けんとう	他動,名
243	kiểm tra	檢查	V3	yes	けんさ	他動,名
244	kiên quyết	堅決	A	no	_	_
245	kiến thức	見識	N	yes	けんしき	名
246	kiên trì	堅持	A	yes	けんじ	他動,名
247	kiến trúc	建築	V2,N	yes	けんちく	他動,名
248	kiệt tác	傑作	N,A	yes	けっさく	名,形動
249	kiêu ngạo	驕傲	A	yes	きょうごう	形動
250	kinh doanh	經營	V3	yes	けいえい	他動,名
251	kinh nghiệm	經驗	N	yes	けいけん	他動,名
252	kinh phí	經費	N	yes	けいひ	名
253	kinh tế	經濟	N,A	yes	けいざい	名
254	kỷ luật	紀律	N	yes	きりつ	名
255	ký lục	記錄	N	yes	きろく	他動,名
256	kỷ niệm	紀念	V3,N	yes	きねん	他動,名
257	kỹ sư	技師	N	yes	ぎし	名
258	kỹ thuật	技術	N,A	yes	ぎじゅつ	名
259	lâm thời	臨時	A	yes	りんじ	名
260	lãng phí	浪費	V3	yes	ろうひ	他動,名
261	lãnh đạo	領導	V2,N	yes	りょうどう	他動,名
262	lãnh thổ	領土	N	yes	りょうど	名
263	lao động	勞動	N	yes	ろうどう	自動,名
264	lão thực	老實	A	yes	ろうじつ	名,形動
265	lập trường	立場	N	yes	たちば	名
266	lập tức	立即	Adv	no	_	副
267	lịch sử	歷史	N,A	yes	れきし	名
268	lịch sự	歷事	A	no	_	_
269	liên hệ	聯繫	V3,N	yes	れんけい	他動,名
270	liên hiệp	聯協	V1,N	no	_	_
271	liên lạc	聯絡	V2	yes	れんらく	自他動,名
272	liên quan	聯關	V1	yes	れんかん	自動,名
273	liên tục	連續	A	yes	れんぞく	自他動,名
274	liên tưởng	聯想	V2	yes	れんそう	他動,名
275	liệt sĩ	烈士	N	yes	れっし	名
276	lĩnh vực	領域	N	yes	りょういき	名
277	lợi dụng	利用	V3	yes	りよう	他動,名
278	luận điểm	論點	N	yes	ろんてん	名
279	luận lý	論理	N	yes	ろんり	名
280	luận văn	論文	N	yes	ろんぶん	名
281	lực lượng	力量	N	yes	りきりょう	名
282	lương thực	糧食	N	yes	りょうしょく	名
283	lưu hành	流行	V1	yes	りゅうこう	自動,名
284	lưu manh	流氓	A	yes	りゅうぼう	名
285	lý luận	理論	N	yes	りろん	名
286	lý thú	理趣	A	yes	りしゅ	名
287	lý tính	理性	N	yes	りせい	名
288	lý tưởng	理想	N,A	yes	りそう	名
289	mật độ	密度	N	yes	みつど	名
290	mật thiết	密切	A	no	_	_
291	mâu thuẫn	矛盾	V1,N	yes	むじゅん	自動,名
292	mệnh lệnh	命令	N,A	yes	めいれい	他動,名
293	mô tả	模寫	V2	yes	もしゃ	他動,名
294	mục đích	目的	N	yes	もくてき	名
295	mục tiêu	目標	N	yes	もくひょう	名
296	năng lực	能力	N	yes	のうりょく	名
297	năng suất	能率	N	yes	のうりつ	名
298	ngạc nhiên	愕然		yes	がくぜん	形動
299	ngân hàng	銀行	N	yes	ぎんこう	名
300	ngân sách	銀策	N	no	_	_
301	nghệ sĩ	藝士	N	no	_	_
302	nghệ thuật	藝術	N	yes	げいじゅつ	名
303	nghị quyết	議決	N	yes	ぎけつ	他動,名
304	nghị sĩ	議士	N	no	_	_
305	nghĩa vụ	義務	N	yes	ぎむ	名
306	nghiêm chỉnh	嚴整	A	no	_	_
307	nghiên cứu	研究	V3	yes	けんきゅう	他動,名
308	nghiệp vụ	業務	N	yes	ぎょうむ	名
309	ngoan cố	頑固	A	yes	がんこ	名,形動
310	ngôn luận	言論	V2	yes	げんろん	名
311	ngôn ngữ	言語	N	yes	げんご	名
312	ngữ pháp	語法	N	yes	ごほう	名
313	ngược đãi	虐待	V3	yes	ぎゃくたい	他動,名
314	nguy hiểm	危險	N,A	yes	きけん	名,形動
315	nguyên liệu	原料	N	yes	げんりょう	名
316	nguyên nhân	原因	N	yes	げんいん	自動,名
317	nguyên tắc	原則	N	yes	げんそく	名
318	nhân chủng	人種	N	yes	じんしゅ	名
319	nhân dân	人民	N,A	yes	じんみん	名
320	nhân loại	人類	N	yes	じんるい	名
321	nhân quyền	人權	N	yes	じんけん	名
322	nhân sinh	人生	N	yes	じんせい	名
323	nhân tạo	人造	A	yes	じんぞう	名
324	nhập cảng	入港	V1	yes	にゅうこう	自動,名
325	nhất định	一定	A,Adv	yes	いってい	自動,名,副
326	nhất trí	一致	A	yes	いっち	自動,名
327	nhiệm vụ	任務	N	yes	にんむ	名
328	nhiệt độ	熱度	N	yes	ねつど	名
329	nhiệt liệt	熱烈	Adv	yes	ねつれつ	形動,副
330	nhiệt tâm	熱心	N	yes	ねっしん	形動
331	nhiệt tình	熱情	N,A	yes	ねつじょう	名
332	nhu cầu	需求	N	no	_	_
333	nô lệ	奴隷	N	yes	どれい	名
334	nông dân	農民	N	yes	のうみん	名
335	nông học	農学	N	yes	のうがく	名
336	nông nghiệp	農業	N	yes	のうぎょう	名
337	nông sản	農產	N	yes	のうさん	名
338	nông trường	農場	N	yes	のうじょう	名
339	oanh liệt	轟烈	A	no	_	_
340	ổn định	穩定	V1,A	no	_	_
341	phá hoại	破壞	V3	yes	はかい	自他動,名
342	phá sản	破產		yes	はさん	自動,名
343	phẩm chất	品質	N	yes	ひんしつ	名
344	phản ánh	反映	V3	yes	はんえい	自他動,名
345	phân biệt	分別	V3	yes	ふんべつ	他動,名
346	phản công	反攻	V1	yes	はんこう	自動,名
347	phấn đấu	奮鬥		yes	ふんとう	自動,名
348	phản động	反動	A	yes	はんどう	名
349	phấn khởi	奮起		yes	ふんき	自動,名
350	phân phối	分配	V3	yes	ぶんぱい	他動,名
351	phân tích	分析	V3	yes	ぶんせき	他動,名
352	phản ứng	反應	V2,N	yes	はんのう	自動,名
353	pháp luật	法律	N	yes	ほうりつ	名
354	phát âm	發音	V3	yes	はつおん	他動,名
355	phát biểu	發表	V2	yes	はっぴょう	他動,名
356	phát động	發動	V3	yes	はつどう	自他動,名
357	phát huy	發揮	V3	yes	はっき	他動,名
358	phát triển	發展	V3	yes	はってん	自動,名
359	phê bình	批評	V3	yes	ひひょう	他動,名
360	phê phán	批判	V3	yes	ひはん	他動,名
361	phi nghĩa	非義	A	no	_	_
362	phiên dịch	翻譯	V2,N	yes	ほんやく	他動,名
363	phổ thông	普通	N,A	yes	ふつう	名,形動
364	phong kiến	封建	N,A	yes	ほうけん	名
365	phong phú	豐富	A	yes	ほうふ	名,形動
366	phóng sự	訪事	N	no	_	_
367	phong trào	風潮	N	yes	ふうちょう	名
368	phong tục	風俗	N	yes	ふうぞく	名
369	phỏng vấn	訪問	V3	yes	ほうもん	他動,名
370	phủ định	否定	V2	yes	ひてい	他動,名
371	phục hồi	復囘	V2	no	_	_
372	phức tạp	複雜	A	yes	ふくざつ	名,形動
373	phục vụ	服務	V2	yes	ふくむ	自動,名
374	phương diện	方面	N	yes	ほうめん	名
375	phương hướng	方向	N	yes	ほうこう	名
376	phương pháp	方法	N	yes	ほうほう	名
377	phương tiện	方便	N	yes	ほうべん	名
378	quả thực	果實	A,Adv	yes	かじつ	名,副
379	quá trình	過程	N	yes	かてい	名
380	quần chúng	羣衆	N,A	yes	ぐんしゅう	名
381	quan điểm	觀點	N	yes	かんてん	名
382	quân đội	軍隊	N	yes	ぐんたい	名
383	quan hệ	關係	N,A	yes	かんけい	自動,名
384	quản lý	管理	V3	yes	かんり	他動,名
385	quân phiệt	軍閥	N,A	yes	ぐんばつ	名
386	quân sự	軍事	N,A	yes	ぐんじ	名
387	quan tâm	關心		yes	かんしん	名
388	quán triệt	貫徹	V3	yes	かんてつ	他動,名
389	quan trọng	關重	A	no	_	_
390	quảng đại	廣大	A	yes	こうだい	形動
391	quốc dân	國民	N	yes	こくみん	名
392	quốc doanh	國營	A	yes	こくえい	名
393	quốc hội	國會	N	yes	こっかい	名
394	quốc khánh	國慶	N	yes	こっけい	名
395	quốc phòng	國防	N	yes	こくぼう	名
396	quốc tế	國際	N,A	yes	こくさい	名
397	quy định	規定	V2	yes	きてい	他動,名
398	quy mô	規模	N,A	yes	きぼ	名
399	quyết định	決定	V3,N,A	yes	けってい	自他動,名
400	quyết liệt	決裂	A	yes	けつれつ	自動,名
401	quyết liệt	決烈	A	no	_	_
402	quyết tâm	決心	V1,A	yes	けっしん	他動,名
403	sai khiến	差遣	V2	yes	さけん	他動,名
404	sản phẩm	產品	N	yes	さんぴん	名
405	sản xuất	產出	V3,N	yes	さんしゅつ	他動,名
406	sáng tác	創作	V3,N	yes	そうさく	他動,名
407	sáng tạo	創造	V3,A	yes	そうぞう	他動,名
408	sinh hoạt	生活	N	yes	せいかつ	自動,名
409	sinh mệnh	生命	N	yes	せいめい	名
410	sinh tồn	生存		yes	せいぞん	自動,名
411	sinh viên	生員	N	no	_	_
412	sở hữu	所有	V3,A	yes	しょゆう	他動,名
413	sơ lược	疏略	A	yes	そりゃく	名,形動
414	số lượng	數量	N	yes	すうりょう	名
415	song song	雙雙	A,Adv	yes	そうそう	形動,副
416	sử dụng	使用	V3	yes	しよう	他動,名
417	sự kiện	事件	N	yes	じけん	名
418	sứ mệnh	使命	N	yes	しめい	名
419	sự nghiệp	事業	N	yes	じぎょう	名
420	súc vật	畜物	N	no	_	_
421	sung sướng	充暢	A	no	_	_
422	suy nhược	衰弱	A	yes	すいじゃく	自動,名
423	tà dâm	邪淫	A	yes	じゃいん	名
424	tác dụng	作用	N	yes	さよう	自動,名
425	tác giả	作者	N	yes	さくしゃ	名
426	tác phẩm	作品	N	yes	さくひん	名
427	tài chính	財政	N	yes	ざいせい	名
428	tai nạn	災難	N	yes	さいなん	名
429	tài năng	才能	N	yes	さいのう	名
430	tài nguyên	財源	N	yes	ざいげん	名
431	tài sản	財産	N	yes	ざいさん	名
432	tâm lý	心理	N	yes	しんり	名
433	tàn bạo	殘暴	A	no	_	_
434	tăng cường	增強	V3	yes	ぞうきょう	他動,名
435	tăng gia	增加	V1	yes	ぞうか	自他動,名
436	tang lễ	喪禮	N	yes	そうれい	名
437	tạp chí	雜誌	N	yes	ざっし	名
438	tập luyện	習練	V2	yes	しゅうれん	他動,名
439	tập quán	習慣	N	yes	しゅうかん	名
440	tập thể	集體	N,A	no	_	_
441	tập trung	集中	V1	yes	しゅうちゅう	自他動,名
442	tất nhiên	必然	A	yes	ひつぜん	名
443	tế bào	細胞	N	yes	さいぼう	名
444	tế nhị	細膩	A	no	_	_
445	thái độ	態度	N	yes	たいど	名
446	thậm chí	甚至	Adv	no	_	副
447	tham gia	參加	V1	yes	さんか	自動,名
448	tham ô	貪污	V1	no	_	_
449	thân mật	親密	A	yes	しんみつ	名,形動
450	thành công	成功		yes	せいこう	自動,名
451	thành lập	成立	V3	yes	せいりつ	自動,名
452	thanh niên	青年	N,A	yes	せいねん	名
453	thành phố	城舗	N	no	_	_
454	thành thị	城市	N	yes	じょうし	名
455	thành thực	誠實	A	yes	せいじつ	名,形動
456	thành tích	成績	N	yes	せいせき	名
457	thất bại	失敗	N	yes	しっぱい	自他動,名
458	thật sự	實事	A	yes	じつごと	名
459	thể dục	體育	N	yes	たいいく	名
460	thế giới	世界	N	yes	せかい	名
461	thế hệ	世繫	N	no	_	_
462	thể hiện	體現	V3	yes	たいげん	他動,名
463	thế kỷ	世紀	N	yes	せいき	名
464	thể lệ	體例	N	no	_	_
465	thi công	施工	V2	yes	しこう	自他動,名
466	thí dụ	譬喻	N,Adv	no	_	副
467	thi hành	施行	V3	yes	しこう	他動,名
468	thị trường	市場	N	yes	しじょう	名
469	thị xã	市社	N	no	_	_
470	thiên tài 	天才	N	yes	てんさい	名
471	thiết bị	設備	N	yes	せつび	他動,名
472	thiết kế	設計	V3	yes	せっけい	他動,名
473	thiết tha	切磋	A	yes	せっさ	自動,名
474	thiết thực	切實	A	yes	せつじつ	形動
475	thiếu niên	少年	N	yes	しょうねん	名
476	thoả hiệp	妥協	V1	yes	だきょう	自動,名
477	thoát ly	脫離	V1	yes	だつり	自動,名
478	thời chiến	時戰	N	no	_	_
479	thời cơ	時機	N	yes	じき	名
480	thời đại	時代	N,A	yes	じだい	名
481	thời gian	時間	N	yes	じかん	名
482	thời hạn	時限	N	yes	じげん	名
483	thời kỳ	時期	N	yes	じき	名
484	thời sự	時事	N,A	yes	じじ	名
485	thời tiết	時節	N	yes	じせつ	名
486	thông cảm	通感	V1	no	_	_
487	thống đốc	統督	N	yes	とうとく	他動,名
488	thông minh	聰明	A	yes	そうめい	形動
489	thống nhất	統一	V3,A	yes	とういつ	他動,名
490	thống trị	統治	V2	yes	とうち	他動,名
491	thủ đô	首都	N	yes	しゅと	名
492	thủ đoạn	手段	N,A	yes	しゅだん	名
493	thu hoạch	收穫	V3,N	yes	しゅうかく	他動,名
494	thu nhập	收入	V1,N	yes	しゅうにゅう	名
495	thủ tướng	首相	N	yes	しゅしょう	名
496	thú vị	趣味	A	yes	しゅみ	名
497	thư viện	書院	N	yes	しょいん	名
498	thuận lợi	順利	N,A	no	_	_
499	thực chất	實質	N	yes	じっしつ	名
500	thực dân	殖民	N	yes	しょくみん	自動,名
501	thực dụng	實用	A	yes	じつよう	名
502	thực hiện	實現	V3	yes	じつげん	自他動,名
503	thực phẩm	食品	N	yes	しょくひん	名
504	thực quyền	實權	N	yes	じっけん	名
505	thực sự	實事	A	yes	じつごと	名
506	thực tế	實際	N,A	yes	じっさい	名
507	thường xuyên	常川	A	no	_	_
508	thuỷ lợi	水利	N	yes	すいり	名
509	tích cực	積極	A	yes	せっきょく	名
510	tích luỹ	積累	V3	no	_	_
511	tiềm tàng	潛藏	A	yes	せんぞう	他動,名
512	tiến bộ	進步	N	yes	しんぽ	自動,名
513	tiến công	進攻		yes	しんこう	自動,名
514	tiền đồ	前途	N	yes	ぜんと	名
515	tiến hành	進行	V3	yes	しんこう	自他動,名
516	tiến hoá	進化		yes	しんか	自動,名
517	tiên tiến	先進	A	yes	せんしん	名
518	tiền tuyến	前線	N	yes	ぜんせん	名
519	tiếp tục	接續	V3	yes	せつぞく	自他動,名
520	tiết kiệm	節儉	V3	yes	せっけん	自他動,名
521	tiêu biểu	標表		no	_	_
522	tiêu chuẩn	標準	N	yes	ひょうじゅん	名
523	tiêu diệt	消滅	V3	yes	しょうめつ	自他動,名
524	tiêu hoá	消化	V1	yes	しょうか	他動,名
525	tiểu sử	小史	N	yes	しょうし	名
526	tiểu thuyết	小說	N	yes	しょうせつ	名
527	tín nhiệm	信任	V3	yes	しんにん	他動,名
528	tính cách	性格	N	yes	せいかく	名
529	tình cảm	情感	N,A	yes	じょうかん	名
530	tính chất	性質	N	yes	せいしつ	名
531	tình hình	情形	N	yes	じょうけい	名
532	tỉnh lỵ	省涖	N	no	_	_
533	tính mệnh	性命	N	no	_	_
534	tỉnh ngộ	醒悟		yes	せいご	他動,名
535	tinh thần	精神	N	yes	せいしん	名
536	tình trạng	情狀	N	yes	じょうじょう	名
537	tố cáo	訴告	V3	no	_	_
538	tổ chức	組織	V1,N	yes	そしき	他動,名
539	tổ quốc	祖國	N	yes	そこく	名
540	tổ tiên	祖先	N	yes	そせん	名
541	tốc độ	速度	N	yes	そくど	名
542	tôn giáo	宗教	N	yes	しゅうきょう	名
543	tôn trọng	尊重	V3,A	yes	そんちょう	他動,名
544	tổng hợp	總合	V2	yes	そうごう	他動,名
545	tổng kết	總結	V2	no	_	_
546	tốt nghiệp	卒業	V1	yes	そつぎょう	他動,名
547	trách nhiệm	責任	N	yes	せきにん	名
548	trân trọng	珍重	V3	yes	ちんちょう	自他動,名
549	trang bị	裝備	V2,N	yes	そうび	他動,名
550	trào lưu	潮流	N	yes	ちょうりゅう	名
551	trật tự	秩序	N,A	yes	ちつじょ	名
552	tri thức	知識	N	yes	ちしき	名
553	triển lãm	展覽	N	yes	てんらん	他動,名
554	triển vọng	展望	N	yes	てんぼう	他動,名
555	triệt để	徹底	A	yes	てってい	自他動,名
556	triết học	哲學	N	yes	てつがく	名
557	trình độ	程度	N	yes	ていど	名
558	trinh thám	偵探	A	no	_	_
559	trịnh trọng	鄭重	A	yes	ていちょう	名,形動
560	trực tiếp	直接	A	yes	ちょくせつ	名
561	trung bình	中平	A	no	_	_
562	trung lập	中立	A	yes	ちゅうりつ	名
563	trung tâm	中心	N,A	yes	ちゅうしん	名
564	trung thành	忠誠	A	yes	ちゅうせい	名
565	trung thực	忠實	A	yes	ちゅうじつ	名,形動
566	trung ương	中央	N,A	yes	ちゅうおう	名
567	trường học	場學	N	no	_	_
568	trường hợp	場合	N	yes	ばあい	名
569	truyền thống	傳統	N,A	yes	でんとう	名
570	tư bản	資本	N,A	yes	しほん	名
571	tu bổ	修補	V3	yes	しゅうほ	他動,名
572	tư cách	資格	N	yes	しかく	名
573	từ điển	辭典	N	yes	じてん	名
574	tự do	自由	N,A	yes	じゆう	名,形動
575	tự hào	自豪	A	no	_	_
576	tự lực	自力	A	yes	じりき	名
577	tự nhiên	自然	N,A	yes	しぜん	名,形動
578	tự tín	自信	A	yes	じしん	名
579	tự trị	自治	A	yes	じち	名
580	tự túc	自足		yes	じそく	自動,名
581	tư tưởng	思想	N	yes	しそう	名
582	tự xưng	自稱		yes	じしょう	他動,名
583	tương đối	相對	A	yes	そうたい	他動,名
584	tương đương	相當	A	yes	そうとう	自動,名
585	tương lai	將來	N	yes	しょうらい	他動,名
586	tuyên bố	宣布	V1,N	yes	せんぷ	他動,名
587	tuyên ngôn	宣言	N	yes	せんげん	他動,名
588	tuyên truyền	宣傳	V2	yes	せんでん	他動,名
589	tuyệt đối	絕對	A	yes	ぜったい	名
590	tuyệt vọng	絕望		yes	ぜつぼう	自動,名
591	ứng cử	應舉		no	_	_
592	ủng hộ	擁護	V3	yes	ようご	他動,名
593	ứng phó	應付	V1	no	_	_
594	ưu đãi	優待	V2	yes	ゆうたい	他動,名
595	ưu điểm	優點	N	no	_	_
596	ưu tú	優秀	A	yes	ゆうしゅう	名,形動
597	uỷ ban	委班	N	no	_	_
598	uỷ viên	委員	N	yes	いいん	名
599	vận chuyển	運轉	V3	yes	うんてん	自他動,名
600	vấn đề	問題	N	yes	もんだい	名
601	vận động	運動		yes	うんどう	自動,名
602	vận dụng	運用	V2	yes	うんよう	他動,名
603	vận tải	運載		yes	うんさい	他動,名
604	vật chất	物質	N	yes	ぶっしつ	名
605	vệ tinh	衛星	N	yes	えいせい	名
606	vĩ đại	偉大	A	yes	いだい	形動
607	vĩ nhân	偉人	N	yes	いじん	名
608	vị trí	位置	N	yes	いち	自動,名
609	viên chức	員職	N	no	_	_
610	vinh dự	榮譽	N,A	yes	えいよ	名,形動
611	vô cùng	無窮	A,Adv	yes	むきゅう	名,形動,副
612	vô hạn	無限	A	yes	むげん	名,形動
613	vô sản	無產	N,A	yes	むさん	名
614	vũ đài	舞臺	N	yes	ぶたい	名
615	vũ khí	武器	N	yes	ぶき	名
616	vũ lực	武力	N	yes	ぶりょく	名
617	vũ trang	武裝	V1,A	yes	ぶそう	自動,名
618	vũ trụ	宇宙	N	yes	うちゅう	名
619	xã hội	社會	N	yes	しゃかい	名
620	xã viên	社員	N	yes	しゃいん	名
621	xác định	確定	V3,A	yes	かくてい	自他動,名
622	xâm lược	侵掠	V2	yes	しんりゃく	自他動,名
623	xâm phạm	侵犯	V3	yes	しんぱん	他動,名
624	xí nghiệp	企業	N	yes	きぎょう	名
625	xuất cảng	出港	V1	yes	しゅっこう	自動,名
626	xuất hiện	出現		yes	しゅつげん	自動,名
627	xuất khẩu	出口	V1	no	_	_
628	xúc động	觸動	N	no	_	_
629	xung kích	衝擊	N	yes	しょうげき	名
630	xung phong	衝鋒		no	_	_
631	xuyên tạc	穿鑿	V3	yes	せんさく	他動,名
632	ý chí	意志	N	yes	いし	名
633	ý định	意定	N	no	_	_
634	ý kiến	意見	N	yes	いけん	自他動,名
635	ý nghĩa	意義	N	yes	いぎ	名
636	ý thức	意識	N	yes	いしき	他動,名
637	yêu cầu	要求	V3,N	yes	ようきゅう	他動,名
638	yếu tố	要素	N	yes	ようそ	名
